[
  {
    "id": "1",
    "name": "Skill 1",
    "description": "Description skill 1."
  },
  {
    "id": "2",
    "name": "Skill 2",
    "description": "Description skill 2."
  },
  {
    "id": "1",
    "name": "Skill 1",
    "description": "Description skill 1."
  },
  {
    "id": "2",
    "name": "Skill 2",
    "description": "Description skill 2."
  },
  {
    "id": "1",
    "name": "Skill 1",
    "description": "Description skill 1."
  },
  {
    "id": "2",
    "name": "Skill 2",
    "description": "Description skill 2."
  },
  {
    "id": "1",
    "name": "Skill 1",
    "description": "Description skill 1."
  },
  {
    "id": "2",
    "name": "Skill 2",
    "description": "Description skill 2."
  },
  {
    "id": "1",
    "name": "Skill 1",
    "description": "Description skill 1."
  },
  {
    "id": "2",
    "name": "Skill 2",
    "description": "Description skill 2."
  }
]