[
  {
    "id": "2",
    "name": "caio",
    "competence_compliance": "2/4",
    "availability": [
      {
        "id-slot": "1",
        "description": "9:00 - 10:00",
        "minutes": "30"
      },
      {
        "id-slot": "2",
        "description": "10:00 - 11:00",
        "minutes": "40"
      }
    ]
  },
  {
    "id": "2",
    "name": "caio",
    "competence_compliance": "2/4",
    "availability": [
      {
        "id-slot": "1",
        "description": "9:00 - 10:00",
        "minutes": "30"
      },
      {
        "id-slot": "2",
        "description": "10:00 - 11:00",
        "minutes": "40"
      }
    ]
  }
]